Feature,Permutation_Importance,Importance_SD
Salary_USD,0.027947004363701684,0.026874719718865177
Company_Size,0.0214979312389531,0.02563512314645832
Industry,-0.005270125539811628,0.029286327988284854
Job_Title,-0.008867552716679243,0.039554398691549475
Job_Growth_Projection,-0.010018399321725189,0.031814017726595076
Location,-0.019754998286615384,0.0364854823657998
AI_Adoption_Level,-0.021467280973209404,0.025193674569884434
Remote_Friendly,-0.0360341730528798,0.020917970422430432
Required_Skills,-0.06254228926190412,0.036118410662422176
