Job_Title,postings,median_salary,growth_share,decline_share,high_risk_share
AI Researcher,51,98036.51708068005,0.39215686274509803,0.3137254901960784,0.39215686274509803
Cybersecurity Analyst,55,88642.44455854046,0.2545454545454545,0.34545454545454546,0.41818181818181815
Data Scientist,62,91674.52271202326,0.3548387096774194,0.3709677419354839,0.27419354838709675
HR Manager,57,92250.31423176228,0.24561403508771928,0.38596491228070173,0.2631578947368421
Marketing Specialist,48,92719.5801002254,0.22916666666666666,0.4791666666666667,0.3541666666666667
Operations Manager,44,97466.4932788054,0.4318181818181818,0.1590909090909091,0.22727272727272727
Product Manager,39,91339.63615637466,0.38461538461538464,0.2564102564102564,0.41025641025641024
Sales Manager,49,93002.69268012435,0.3877551020408163,0.32653061224489793,0.40816326530612246
Software Engineer,41,84124.06699718411,0.3902439024390244,0.2926829268292683,0.36585365853658536
UX Designer,54,89556.39348165604,0.35185185185185186,0.3888888888888889,0.2962962962962963
