Job_Title,Communication,Cybersecurity,Data Analysis,JavaScript,Machine Learning,Marketing,Project Management,Python,Sales,UX/UI Design
AI Researcher,0.0784313725490196,0.09803921568627451,0.0784313725490196,0.17647058823529413,0.0392156862745098,0.0784313725490196,0.058823529411764705,0.17647058823529413,0.13725490196078433,0.0784313725490196
Cybersecurity Analyst,0.05454545454545454,0.18181818181818182,0.05454545454545454,0.07272727272727272,0.12727272727272726,0.09090909090909091,0.09090909090909091,0.09090909090909091,0.07272727272727272,0.16363636363636364
Data Scientist,0.03225806451612903,0.14516129032258066,0.11290322580645161,0.04838709677419355,0.0967741935483871,0.08064516129032258,0.11290322580645161,0.14516129032258066,0.12903225806451613,0.0967741935483871
HR Manager,0.07017543859649122,0.10526315789473684,0.12280701754385964,0.08771929824561403,0.17543859649122806,0.08771929824561403,0.10526315789473684,0.05263157894736842,0.10526315789473684,0.08771929824561403
Marketing Specialist,0.125,0.0625,0.08333333333333333,0.08333333333333333,0.020833333333333332,0.16666666666666666,0.041666666666666664,0.20833333333333334,0.125,0.08333333333333333
Operations Manager,0.11363636363636363,0.11363636363636363,0.06818181818181818,0.11363636363636363,0.09090909090909091,0.022727272727272728,0.11363636363636363,0.11363636363636363,0.11363636363636363,0.13636363636363635
Product Manager,0.05128205128205128,0.05128205128205128,0.05128205128205128,0.1282051282051282,0.1794871794871795,0.07692307692307693,0.15384615384615385,0.1282051282051282,0.05128205128205128,0.1282051282051282
Sales Manager,0.02040816326530612,0.16326530612244897,0.1836734693877551,0.04081632653061224,0.14285714285714285,0.04081632653061224,0.14285714285714285,0.12244897959183673,0.08163265306122448,0.061224489795918366
Software Engineer,0.0975609756097561,0.04878048780487805,0.12195121951219512,0.07317073170731707,0.14634146341463414,0.12195121951219512,0.12195121951219512,0.07317073170731707,0.0975609756097561,0.0975609756097561
UX Designer,0.05555555555555555,0.14814814814814814,0.09259259259259259,0.07407407407407407,0.037037037037037035,0.12962962962962962,0.25925925925925924,0.09259259259259259,0.05555555555555555,0.05555555555555555
